﻿辖区,楼盘名称,位置,详细地址,类型,楼盘状态,最小面积,最大面积,均价,最低总价,最高总价,标签1,标签2,标签3,标签4
花溪区,金科·博瀚天元,十里河滩,G212金科·博翰天元,住宅,在售,83,112,6500,54,85,低总价,绿化率高,人车分流,公交直达
南明区,中国铁建·铁建城,阿哈湖,车水路中国铁建·铁建城,住宅,在售,112,167,8800,108,156,车位充足,绿化率高,国央企,品牌房企
观山湖区,保利·时代（保利·大国璟）,阅山湖,观清路301号,住宅,在售,80,156,10800,94,182,优惠楼盘,绿化率高,人车分流,国央企
乌当区,乐湾国际城,乐湾国际,北京东路乐湾国际城,住宅,在售,119,136,9500,96,163,车位充足,绿化率高,置换改善,品牌房企
白云区,南湖里,南湖,贵阳省贵阳市白云区南湖路66号,住宅,在售,107,164,9500,136,160,车位充足,绿化率高,置换改善,品牌房企
观山湖区,中铁阅山湖,阅山湖,云潭北路与观山西路交汇处,住宅,在售,99,266,10000,100,135,车位充足,绿化率高,国央企,置换改善
云岩区,熙山郡,贵阳北站,贵州省贵阳市云岩区,住宅,在售,93,126,9000,88,110,车位充足,绿化率高,水系园林,休闲会所
观山湖区,中铁逸都国际,奥体中心,云潭南路3000号,住宅,在售,0,0,0,0,0,绿化率高,大型社区,国央企,品牌房企
观山湖区,贵阳宇虹万花城,阅山湖,观山湖区兴筑路南侧,住宅,在售,0,0,0,0,0,车位充足,绿化率高,品牌房企,避暑
南明区,首开紫郡,龙洞堡机场,机场路9号,住宅,在售,123,198,11300,92,257,车位充足,绿化率高,国央企,置换改善
花溪区,美的国宾府,花溪公园,甲秀南路美的国宾府,住宅,在售,79,202,8000,58,4,优惠楼盘,绿化率高,人车分流,品牌房企
乌当区,乐湾国际城,乐湾国际,北京东路乐湾国际城,别墅,在售,180,218,11000,532,5,车位充足,绿化率高,置换改善,品牌房企
花溪区,贵高速▪花溪26°,花溪大学城,贵州省贵阳市花溪区田园南路贵高速·花溪26°,住宅,在售,97,242,6300,60,98,车位充足,低密居所,国央企,置换改善
花溪区,龙湖·景粼天著,十里河滩,花溪区金竹镇甲秀南路与天河潭大道交汇处西行500米,住宅,在售,69,148,8700,78,100,车位充足,人车分流,品牌房企,优质户型
花溪区,贵阳恒大文化旅游城,贵安新区,甲秀南路与思雅路交汇处,住宅,在售,79,90,8500,64,72,车位充足,绿化率高,品牌房企,入户花园
观山湖区,银海元隆·熙府,阅山湖,贵州省贵阳市观山湖区云潭南路与兴筑路交叉路口往北约50米,住宅,在售,0,0,0,0,0,车位充足,绿化率高,品牌房企,入户花园
白云区,永实·御湖尚城,南湖,白云白云区中环路189号（中环路与七一路交汇处）,住宅,在售,76,167,7500,66,102,低总价,车位充足,绿化率高,品牌房企
观山湖区,万科翡翠公园,阅山湖,宾阳大道万科翡翠公园,住宅,在售,108,140,11000,130,158,车位充足,人车分流,国央企,品牌房企
云岩区,万科翡翠国际,喷水池,中华北路195号,商业,待售,0,0,0,0,0,人车分流,小型社区,国央企,品牌房企
白云区,绿地海格公馆,大山洞,贵州省贵阳市白云区铝兴路,住宅,在售,90,140,7500,90,109,优惠楼盘,车位充足,绿化率高,国央企
清镇市,四季贵州,清镇,金清大道四季贵州,住宅,在售,61,180,7500,46,88,绿化率高,人车分流,品牌房企,旅游地产
清镇市,东原朗阅,清镇,云站路与廻龙大道交汇处,住宅,在售,79,130,5800,45,80,人车分流,大型社区,品牌房企,贴心物业
花溪区,美的国宾府,花溪公园,甲秀南路美的国宾府,商业,在售,0,0,0,0,0,人车分流,大型社区,品牌房企,公交直达
南明区,青秀楠庭,二戈寨,贵阳市南明区富源南路25号,住宅,在售,108,109,7350,100,101,低总价,车位充足,绿化率高,国央企
花溪区,龙湖·景粼天著,十里河滩,龙湖·景粼天著,底商,在售,0,0,0,0,0,人车分流,大型社区,品牌房企,水系园林
南明区,首钢贵州之光,油榨街,南明区油榨街10号,商业类,在售,94,161,10500,85,129,车位充足,人车分流,国央企,品牌房企
花溪区,和泓蓝城桃花源,花溪保利溪湖,贵州省黔南布依族苗族自治州龙里县龙山镇水场乡卫生院对面,住宅,在售,51,126,5800,30,65,低总价,车位充足,低密居所,品牌房企
花溪区,和泓蓝城桃花源,花溪保利溪湖,贵州省黔南布依族苗族自治州龙里县龙山镇水场乡卫生院对面,别墅,在售,0,0,0,0,0,车位充足,置换改善,品牌房企,优质户型
花溪区,龙湖·景粼天著,十里河滩,龙湖·景粼天著,别墅,在售,95,160,18000,230,900,低密居所,小型社区,置换改善,养老舒适
南明区,青秀2046,望城坡,富源中路青秀2046,住宅,在售,79,130,7300,70,125,车位充足,绿化率高,国央企,品牌房企
乌当区,保利•公园2010,火车东站,航天大道中段53号,住宅,在售,83,145,8300,67,115,车位充足,绿化率高,国央企,置换改善
乌当区,保利•公园2010,火车东站,乌当区北衙路与航天大道交汇处,别墅,在售,0,0,0,0,0,绿化率高,人车分流,国央企,置换改善
花溪区,贵阳恒大文化旅游城,贵安新区,思雅路贵阳恒大文化旅游城,底商,在售,0,0,0,0,0,车位充足,大型社区,品牌房企,公交直达
南明区,中国铁建国际城,太慈桥,车水路76号,住宅,在售,79,246,8200,82,225,低总价,车位充足,人车分流,国央企
南明区,书香林海,二戈寨,贵州省贵阳市南明区东二环,住宅,在售,96,128,8650,76,102,车位充足,人车分流,近地铁,地铁沿线
花溪区,金科·中泰天境,小河浦江路,浦江路金科·中泰天境,住宅,在售,94,118,7600,71,87,优惠楼盘,车位充足,人车分流,品牌房企
南明区,南岳大院,油榨街,南厂路22号,住宅,在售,0,0,0,0,0,车位充足,人车分流,品牌房企,近地铁
南明区,宝能国际会展城,二戈寨,贵阳市南明区龙腾路宝能科技城,住宅,在售,88,136,8500,100,110,车位充足,人车分流,品牌房企,科技住宅
云岩区,万科·麓山,三桥,北京西路万科·麓山,住宅,在售,99,121,12500,128,145,绿化率高,人车分流,国央企,品牌房企
白云区,云城中心,白云公园,白金大道云城中心,商业类,在售,0,0,0,0,0,车位充足,大型社区,国央企,近地铁
南明区,宝能科技城,二戈寨,龙腾路宝能科技城,商业,在售,0,0,0,0,0,低单价,品牌房企,近地铁,地铁沿线
花溪区,碧桂园大学印象,贵安新区,贵阳市贵安新区大学城·甲秀南路与黔中大道交汇处,住宅,在售,68,143,5300,46,102,低单价,低总价,车位充足,人车分流
南明区,金地云麓一号,望城坡,珠江路金地云麓一号,住宅,在售,76,120,7900,78,89,优惠楼盘,低总价,人车分流,大型社区
南明区,中南春风南岸,龙洞堡机场,贵阳市南明区龙水路李端棻一中旁,住宅,在售,95,125,7000,88,110,低单价,低总价,车位充足,绿化率高
白云区,华润置地悠山悦景,长岭坡,北二环华润置地悠山悦景,住宅,在售,101,210,11000,170,500,车位充足,绿化率高,国央企,品牌房企
清镇市,金地旭辉·上观,清镇,贵阳市清镇市政府行政中心正对门金地旭辉·上观,住宅,在售,85,144,7000,85,86,车位充足,绿化率高,品牌房企,健身跑道
观山湖区,中铁阅山湖  云著,观山湖公园,贵州省贵阳市观山湖区云潭北路8号,住宅,在售,126,160,17500,220,290,车位充足,绿化率高,国央企,品牌房企
南明区,中铁国际生态城（白晶谷）,双龙航空港,双龙临空经济区贵新高速中铁国际生态城,住宅,在售,0,0,0,0,0,低单价,车位充足,小型社区,国央企
云岩区,远丰贵府,喷水池,贵阳市云岩区省府路30号,住宅,在售,91,166,24000,190,332,人车分流,国央企,品牌房企,近地铁
观山湖区,中海·映山湖,贵阳北站,观山湖区林城东路中海·映山湖,住宅,在售,115,170,15000,200,280,车位充足,人车分流,国央企,品牌房企
观山湖区,致尚·西宸府,清镇,贵阳观山湖金阳金马大道与龙滩路交汇处,住宅,在售,105,114,7200,63,68,低单价,低总价,车位充足,人车分流
花溪区,美的·璟悦风华,小河转盘,贵州省贵阳市花溪区珠江路,住宅,在售,98,144,9300,117,166,优惠楼盘,车位充足,人车分流,品牌房企
花溪区,万科·观湖,十里河滩,贵州省贵阳市花冠路中段西侧万科·观湖,住宅,在售,95,143,8500,76,130,绿化率高,人车分流,国央企,品牌房企
观山湖区,金茂·观山湖,高新区,贵阳市观山湖区长岭南路,住宅,在售,97,150,9500,95,204,车位充足,绿化率高,国央企,品牌房企
观山湖区,金龙·金色时代,世纪城,观山湖区金阳南路东侧景怡东苑东南侧,住宅,在售,154,225,16500,280,382,车位充足,绿化率高,近地铁,地铁沿线
清镇市,亨特·山屿湖,清镇,贵阳市清镇市星坡路亨特山屿湖,住宅,在售,96,185,6000,75,107,车位充足,绿化率高,品牌房企,入户花园
乌当区,旭辉金科未来壹号,振华广场,贵州省贵阳市乌当区北衙路旭辉金科未来壹号营销中心,住宅,在售,86,125,8500,73,120,绿化率高,人车分流,品牌房企,健身跑道
观山湖区,中海·映山湖,贵阳北站,贵州省贵阳市观山湖区林城东路金融城东500m,别墅,在售,0,0,0,0,0,车位充足,人车分流,国央企,置换改善
南明区,吉源星河境,乐湾国际,贵州省贵阳市南明区康工路与云关路交叉口,住宅,在售,0,0,0,0,0,车位充足,绿化率高,品牌房企,近地铁
清镇市,中交春风景里,清镇,贵安新区长丰路和顺达路交汇处,住宅,在售,98,165,7000,65,156,车位充足,绿化率高,国央企,品牌房企
南明区,吉源星河境,乐湾国际,云关路吉源星河境,商业,在售,0,0,0,0,0,低单价,车位充足,小型社区,品牌房企
南明区,吉源星河境,乐湾国际,贵州省贵阳市南明区康工路与云关路交叉口,别墅,在售,68,113,18000,100,170,车位充足,绿化率高,养老舒适,品牌房企
清镇市,佳兆业·樾伴山,清镇,观清路佳兆业·樾伴山,住宅,在售,72,116,6200,45,70,优惠楼盘,低总价,绿化率高,人车分流
南明区,云上绿舟,小河转盘,贵阳市南明区沙冲南路200号,住宅,在售,178,191,16000,280,320,车位充足,人车分流,自持商业,近地铁
南明区,远洋·万和世家,汤巴关,贵州省贵阳市南明区见龙洞路远洋万和世家,住宅,在售,115,165,10500,130,180,车位充足,绿化率高,国央企,品牌房企
花溪区,经开吾悦广场,十里河滩,贵州省贵阳市花溪区中桐路和浦江路交汇处,住宅,在售,0,0,0,0,0,优惠楼盘,低总价,车位充足,绿化率高
清镇市,清鸥·教育天地,清镇,贵阳市清镇市百花社区服务中心金清大道中段,住宅,在售,100,140,6400,82,92,车位充足,人车分流,品牌房企,公交直达
乌当区,新东·温泉小镇,振华广场,马百路新东·温泉小镇,住宅,在售,131,146,8200,95,105,车位充足,绿化率高,置换改善,公交直达
乌当区,新东•温泉小镇,振华广场,马百路新东·温泉小镇,别墅,在售,0,0,0,0,0,车位充足,人车分流,置换改善,公交直达
观山湖区,中南紫云集,阅山湖,贵阳市观山湖区宾阳大道中南紫云集,住宅,在售,93,120,7500,74,84,低总价,车位充足,绿化率高,品牌房企
云岩区,万科紫台,贵阳普天,贵阳市云岩区北京西路与金阳大道交汇处,住宅,在售,0,0,0,0,0,车位充足,绿化率高,国央企,置换改善
南明区,贵阳爱琴海购物公园,油榨街,贵阳市南明区油榨街10号,商业,在售,0,0,0,0,0,车位充足,人车分流,国央企,品牌房企
清镇市,利亚·奥林花园,清镇,贵阳市清镇市贵红大道利亚·奥林花园,住宅,在售,107,157,6000,80,110,车位充足,绿化率高,品牌房企,科技住宅
白云区,海伦堡•太阳湖人才小镇,白云高新区,贵阳市白云区白云区高新区二十六大道南侧,住宅,在售,93,143,6300,52,180,优惠楼盘,低单价,车位充足,绿化率高
白云区,旭辉都会新雲,大山洞,贵阳市白云区云环中路和青龙大道交汇处,住宅,在售,85,110,7800,69,110,低总价,绿化率高,人车分流,品牌房企
白云区,高科玫瑰园,白云高新区,贵阳市白云区科文路高科玫瑰园,住宅,在售,127,197,7700,110,138,车位充足,绿化率高,国央企,置换改善
花溪区,经开吾悦广场,十里河滩,贵州省贵阳市花溪区中桐路和浦江路交汇处,商业,在售,0,0,0,0,0,小型社区,品牌房企,近地铁,地铁沿线
息烽县,锦御天城,息烽县,贵阳市息烽县虎城大道（南大街）息烽大酒店对面,住宅,在售,0,0,0,0,0,车位充足,人车分流,旅游地产,贴心物业
乌当区,泉天下,振华广场,新添大道197号,别墅,在售,0,0,0,0,0,车位充足,小型社区,公交直达,已交房2年内
云岩区,檀溪谷,三桥,贵州省贵阳市云岩区黄花街40号,住宅,在售,127,207,12000,180,240,绿化率高,大型社区,私属庭院,避暑
清镇市,紫金华府,清镇,滨湖东路3号,住宅,在售,85,140,6500,55,91,车位充足,绿化率高,旅游地产,贴心物业
南明区,首钢贵州之光,油榨街,南明区油榨街10号,住宅,在售,89,205,9500,86,215,车位充足,人车分流,国央企,品牌房企
乌当区,中天吾乡,火车东站,花都路中天吾乡,别墅,在售,0,0,0,0,0,小型社区,品牌房企,超市,
乌当区,中天吾乡,火车东站,花都路中天吾乡,住宅,在售,0,0,0,0,0,小型社区,品牌房企,超市,
乌当区,中诚·及第风华,洛万三江,马百路恒大温泉小镇,住宅,在售,94,126,5800,56,79,低单价,低总价,绿化率高,人车分流
清镇市,铜雀台,清镇,清州大道铜雀台,住宅,在售,0,0,0,0,0,绿化率高,人车分流,国央企,入户花园
清镇市,当代拾光里,清镇,贵州省贵阳市清镇市观清路,住宅,在售,83,110,7100,58,77,车位充足,绿化率高,品牌房企,公交直达
贵州双龙航空港经济区,深高速·悠山美墅,双龙航空港,贵龙大道深高速·茵特拉根小镇,住宅,在售,0,0,0,0,0,车位充足,绿化率高,国央企,置换改善
贵州双龙航空港经济区,深高速·茵特拉根小镇,双龙航空港,贵龙大道深高速·茵特拉根小镇,别墅,在售,0,0,0,0,0,车位充足,低密居所,国央企,置换改善
清镇市,一号大院,清镇,金马大道134号,住宅,在售,110,138,7200,71,100,车位充足,绿化率高,公交直达,优质户型
清镇市,中铁云湾,清镇,百花路中铁云湾,住宅,在售,77,190,6500,49,490,车位充足,绿化率高,国央企,品牌房企
清镇市,麓湖宫,清镇,观清路麓湖宫,住宅,在售,0,0,0,0,0,车位充足,绿化率高,国央企,置换改善
白云区,建发央著,中坝,铝兴北路建发央著,住宅,在售,0,0,0,0,0,车位充足,绿化率高,国央企,品牌房企
清镇市,佳兆业·樾伴山,清镇,清镇市青龙山街道石关村,别墅,在售,0,0,0,0,0,优惠楼盘,低总价,车位充足,人车分流
清镇市,佳兆业·樾伴山,清镇,观清路佳兆业·樾伴山,商业,待售,0,0,0,0,0,人车分流,大型社区,品牌房企,公交直达
观山湖区,江华国际旅游中心,高新区,黔灵山路江华国际旅游中心,商业,在售,0,0,0,0,0,车位充足,人车分流,旅游地产,休闲会所
南明区,世纪南山,油榨街,南厂路120号,住宅,在售,126,134,10500,114,120,绿化率高,人车分流,水系园林,近地铁
平坝区,中交绿城·桃源小镇,贵安新区,114县道中交绿城·桃源小镇,住宅,在售,95,129,7000,64,250,车位充足,大型社区,国央企,置换改善
清镇市,金科城,清镇,百马大道70号,住宅,在售,70,108,6500,42,64,绿化率高,人车分流,品牌房企,科技住宅
花溪区,美的·璟悦风华,小河转盘,贵州省贵阳市小河区珠江路,商业,在售,0,0,0,0,0,车位充足,人车分流,品牌房企,近地铁
云岩区,黔灵王府,黔灵山,黄金路黔灵王府,商业类,在售,73,84,13000,95,109,车位充足,人车分流,自持商业,近地铁
花溪区,瑞达佳苑•理想家,花溪区,黄金路黔灵王府,商业类,在售,0,0,0,0,0,优惠楼盘,低总价,人车分流,小型社区
花溪区,雅居乐·剑桥郡,花溪公园,清华路雅居乐·剑桥郡,住宅,在售,88,128,8200,72,105,绿化率高,人车分流,品牌房企,公交直达
白云区,恒力·未来天骄,白云高新区,黎阳大道融创·未来天骄,住宅,在售,80,115,7300,60,90,优惠楼盘,低总价,绿化率高,人车分流
云岩区,海伦堡九玺,贵阳普天,惠源路海伦堡九玺,住宅,在售,92,140,9800,85,146,车位充足,绿化率高,品牌房企,近地铁
白云区,建发•和玺,中坝,同兴东路建发•和玺,住宅,在售,93,188,11000,120,170,车位充足,低密居所,国央企,置换改善
清镇市,优品道·清峯晓镇,清镇,观清路优品道·清峯晓镇,住宅,在售,75,125,5800,50,78,车位充足,绿化率高,品牌房企,科技住宅
云岩区,贵阳小关万达广场,云岩区,观清路优品道·清峯晓镇,住宅,在售,0,0,0,0,0,车位充足,人车分流,品牌房企,近地铁
云岩区,贵阳小关万达广场,云岩区,观清路优品道·清峯晓镇,住宅,在售,0,0,0,0,0,人车分流,小型社区,品牌房企,近地铁
白云区,建发央著,中坝,铝兴北路建发央著,底商,在售,0,0,0,0,0,低单价,人车分流,小型社区,国央企
南明区,华润置地·九悦,火车站,解放路华润置地·九悦,住宅,在售,123,178,15500,190,300,车位充足,绿化率高,国央企,品牌房企
南明区,华润置地·九悦,火车站,贵州省贵阳市南明区解放路38号,商业,在售,0,0,0,0,0,车位充足,人车分流,国央企,品牌房企
白云区,绿地海格公馆,大山洞,铝兴路绿地新里城,商业,待售,0,0,0,0,0,车位充足,国央企,近地铁,地铁沿线
白云区,绿地海格公馆,大山洞,铝兴路绿地新里城,商业类,待售,0,0,0,0,0,车位充足,国央企,近地铁,地铁沿线
白云区,绿地海格公馆,大山洞,铝兴路绿地新里城,底商,在售,0,0,0,0,0,低单价,低总价,车位充足,人车分流
白云区,中关村贵阳科技园核心区南园·智谷,白云高新区,高海路中关村贵阳科技园核心区南园·智谷,住宅,在售,44,135,7200,73,105,优惠楼盘,低单价,车位充足,人车分流
白云区,海伦堡•太阳湖人才小镇,白云高新区,科教街海伦堡•太阳湖人才小镇,别墅,在售,0,0,0,0,0,车位充足,人车分流,品牌房企,公交直达
花溪区,元琦·林居,小河转盘,黔江路元琦林居,住宅,在售,84,213,9000,75,223,人车分流,封闭管理,近地铁,地铁沿线
云岩区,电建·云岩赋,三桥,白云大道147号,住宅,在售,92,127,10800,96,135,车位充足,绿化率高,国央企,品牌房企
云岩区,贵阳云岩吾悦广场,市北,人民大道贵阳云岩吾悦广场,住宅,在售,85,162,18500,136,300,车位充足,人车分流,品牌房企,近地铁
云岩区,锦绣·雅居里,师大,宝山北路锦绣·雅居里,住宅,在售,88,129,11500,102,154,优惠楼盘,车位充足,人车分流,近地铁
南明区,保利·明玥半山,龙洞堡机场,贵州省贵阳市南明区永兴街（贵阳学院公交车站）保利·明玥半山,住宅,在售,115,125,8000,82,100,车位充足,绿化率高,国央企,品牌房企
云岩区,南明河·壹号,未来方舟,贵州省贵阳市云岩区水东路,住宅,待售,0,0,0,0,0,车位充足,绿化率高,国央企,品牌房企
云岩区,万科观山甲第,贵阳普天,云潭南路254号,住宅,在售,82,125,12500,145,160,车位充足,绿化率高,国央企,品牌房企
观山湖区,湖山郡,百花湖,贵阳市观山湖区金朱西路（地铁1号线窦官站旁）,住宅,在售,78,90,8300,65,74,低总价,车位充足,绿化率高,国央企
花溪区,地铁置业清水湾,小河浦江路,清水江路清水湾,住宅,在售,0,0,0,0,0,人车分流,封闭管理,国央企,品牌房企
南明区,青秀麓谷山语,望城坡,花冠路青秀麓谷山语,住宅,在售,82,125,8600,68,112,人车分流,大型社区,国央企,品牌房企
花溪区,贵阳天阶万达广场,花溪大学城,贵州省贵阳市花溪区S106(甲秀南路),商业,在售,0,0,0,0,0,车位充足,大型社区,品牌房企,现房
云岩区,海伦堡九玺,贵阳普天,惠源路海伦堡九玺,底商,在售,0,0,0,0,0,人车分流,大型社区,品牌房企,近地铁
花溪区,金科·博瀚天元,十里河滩,G212金科·博翰天元,别墅,在售,100,130,22000,230,300,车位充足,人车分流,公交直达,优质户型
花溪区,群升大智汇,花溪大学城,贵州省贵阳市花溪大学城思雅路（贵州大学明德学院对面）,商业类,待售,0,0,0,0,0,品牌房企,公交直达,综合商场,超市
南明区,青秀2046,望城坡,富源中路青秀2046,底商,待售,0,0,0,0,0,小型社区,国央企,品牌房企,近地铁
观山湖区,龙湖·舜山府,商贸城,七号路龙湖·舜山府,住宅,在售,95,155,13500,115,170,绿化率高,人车分流,品牌房企,近地铁
观山湖区,龙湖·舜山府,商贸城,七号路龙湖·舜山府,别墅,在售,0,0,0,0,0,人车分流,大型社区,品牌房企,近地铁
观山湖区,龙湖.天曜,贵阳北站,凯里路龙湖.天曜,商业,在售,0,0,0,0,0,车位充足,人车分流,品牌房企,地铁沿线
白云区,建发•书香府,中坝,同心东路建发•书香府,住宅,在售,86,125,9500,77,110,车位充足,绿化率高,国央企,品牌房企
观山湖区,观山开磷城,贵阳北站,观山开磷城售楼部,住宅,在售,105,140,8800,92,123,车位充足,人车分流,国央企,品牌房企
云岩区,贵阳小关万达广场,云岩区,观山开磷城售楼部,住宅,在售,0,0,0,0,0,车位充足,品牌房企,近地铁,地铁沿线
观山湖区,茅台广场,高新区,观山湖区长岭南路和观山东路交叉口,住宅,在售,129,275,14000,176,440,车位充足,人车分流,国央企,品牌房企
云岩区,万科新都荟,贵阳普天,贵州省贵阳市观山湖区G320(金清大道),住宅,在售,96,127,12500,127,150,绿化率高,低密居所,国央企,置换改善
白云区,中海·印龙泉,南湖,贵阳泉湖公园东门（云峰大道）,住宅,在售,100,170,14500,140,350,车位充足,绿化率高,国央企,品牌房企
观山湖区,保利·大国璟,阅山湖,观清路301号,商业,在售,0,0,0,0,0,人车分流,大型社区,国央企,品牌房企
南明区,诚景尚城,阿哈湖,南明区3号线甘荫塘站（中曹司街道花溪大道中段117号）,住宅,在售,87,110,8000,72,91,低总价,车位充足,人车分流,国央企
云岩区,紫荆天地,大营坡,大营路118号,商业类,待售,0,0,0,0,0,车位充足,小型社区,地铁沿线,公交直达
云岩区,万科翡翠国际,喷水池,中华北路195号,商业类,待售,0,0,0,0,0,小型社区,国央企,品牌房企,近地铁
观山湖区,中科怡璟,新世界,龙海路中科怡璟,住宅,在售,96,238,12500,110,400,车位充足,绿化率高,国央企,品牌房企
白云区,铁投·都溪湾畔,都拉营,综保路铁投·都溪湾畔,住宅,待售,0,0,0,0,0,小型社区,国央企,公园,
南明区,渔龙半湾A区,龙洞堡机场,永兴街渔龙半湾A区,住宅,在售,0,0,0,0,0,小型社区,国央企,品牌房企,地铁沿线
花溪区,力天·优胜美地,花溪大学城,栋青路力天·优胜美地,别墅,在售,0,0,0,0,0,小型社区,品牌房企,公交直达,综合商场
花溪区,中铁·阅花溪,花溪公园,花溪大道南段2346号,商业类,待售,0,0,0,0,0,小型社区,国央企,品牌房企,公交直达
南明区,万润·凌云台,龙洞堡机场,见龙洞路万润·凌云台,住宅,待售,0,0,0,0,0,小型社区,地铁沿线,公交直达,综合商场
花溪区,中铁·阅花溪,花溪公园,花溪大道南段2346号,住宅,在售,0,0,0,0,0,小型社区,国央企,品牌房企,公交直达
南明区,贵阳花语墅,龙洞堡机场,兴龙北路贵阳花语墅,住宅,在售,0,0,0,0,0,小型社区,国央企,品牌房企,地铁沿线
观山湖区,中海新天地,贵阳北站,林城东路中海新天地,商业类,在售,0,0,0,0,0,车位充足,人车分流,国央企,品牌房企
南明区,碧桂园贵阳中心,钻石广场,花溪大道北段碧桂园贵阳中心,住宅,在售,116,522,20000,255,1500,人车分流,大型社区,品牌房企,近地铁
南明区,金龙滨河湾壹号,钻石广场,解放路金龙滨河湾壹号,商业类,在售,0,0,0,0,0,车位充足,人车分流,地铁沿线,公交直达
南明区,佳源贵阳印象,钻石广场,宝山南路佳源贵阳印象,住宅,在售,0,0,0,0,0,小型社区,品牌房企,近地铁,地铁沿线
花溪区,贵阳万达天阶广场,花溪大学城,甲秀南路贵阳万达天阶广场,住宅,待售,0,0,0,0,0,小型社区,品牌房企,综合商场,超市
白云区,FNF星悦,大山洞,贵阳市贵阳市白云区铝兴路FNF星悦,住宅,在售,67,116,8800,55,94,低总价,车位充足,绿化率高,品牌房企
云岩区,中铁·尚和锦城,三桥,贵州省贵阳市云岩区,住宅,在售,97,131,9800,91,141,车位充足,绿化率高,国央企,品牌房企
南明区,万润·凌云台,龙洞堡机场,见龙洞路万润·凌云台,商业类,待售,0,0,0,0,0,小型社区,地铁沿线,公交直达,综合商场
清镇市,四季贵州,清镇,金清大道四季贵州,商业类,在售,0,0,0,0,0,大型社区,公交直达,超市,公园
白云区,铁投·都溪湾畔,都拉营,综保路铁投·都溪湾畔,写字楼,待售,0,0,0,0,0,小型社区,国央企,公园,
清镇市,四季贵州·椿棠府,清镇,百马大道四季贵州·椿棠府,商业类,在售,0,0,0,0,0,小型社区,品牌房企,公交直达,超市
花溪区,花溪湖,花溪保利溪湖,田园路花溪湖,住宅,待售,0,0,0,0,0,小型社区,公交直达,综合商场,超市
花溪区,腾龙湾,十里河滩,小屯路105号,住宅,在售,74,225,7600,56,450,优惠楼盘,低总价,大型社区,公交直达
白云区,梵荣中环新第,南湖,中环路梵荣中环新第,商业类,在售,0,0,0,0,0,优惠楼盘,小型社区,近地铁,地铁沿线
修文县,腾晖雲墅,修文县,白龙路腾晖雲墅,别墅,在售,0,0,0,0,0,小型社区,公交直达,超市,公园
南明区,中国铁建·黑钻,阿哈湖,西二环中国铁建·黑钻,住宅,在售,151,412,18000,260,1600,车位充足,绿化率高,国央企,品牌房企
花溪区,中铁·阅花溪,花溪公园,花溪大道南段2346号,别墅,在售,0,0,0,0,0,小型社区,国央企,品牌房企,公交直达
花溪区,中天山水间,花溪保利溪湖,孟溪路中天山水间,别墅,在售,0,0,0,0,0,小型社区,公交直达,综合商场,超市
南明区,华润九悦·幸福里,火车站,解放路华润九悦·幸福里,住宅,在售,90,157,15000,112,243,人车分流,大型社区,国央企,品牌房企
花溪区,山水间,花溪保利溪湖,贵州省贵阳市花溪区孟溪路,住宅,在售,143,158,8700,125,140,优惠楼盘,车位充足,绿化率高,置换改善
白云区,中天金融北城,中坝,贵州省贵阳市白云区同心路怀铝兴南路交叉口,住宅,在售,86,124,9500,75,120,车位充足,绿化率高,国央企,品牌房企
清镇市,三角花园,清镇,市场路三角花园,住宅,待售,0,0,0,0,0,小型社区,公交直达,超市,公园
白云区,建发•和玺,中坝,同兴东路建发•和玺,商业,在售,0,0,0,0,0,车位充足,人车分流,国央企,品牌房企
云岩区,贵阳城投·隐翠,市北,贵州省贵阳市云岩区市北路食品药品检验所东南,住宅,在售,103,164,9500,110,154,车位充足,绿化率高,国央企,品牌房企
花溪区,中铁·青岩健康小镇,青岩古镇,田园路中铁·青岩健康小镇,住宅,待售,0,0,0,0,0,小型社区,国央企,品牌房企,公交直达
南明区,书香林海,望城坡,富源中路中昂·南明山境,商业类,待售,0,0,0,0,0,小型社区,地铁沿线,公交直达,超市
花溪区,中铁·青岩健康小镇,青岩古镇,田园路中铁·青岩健康小镇,别墅,待售,0,0,0,0,0,小型社区,国央企,品牌房企,公交直达
